<?xml version="1.0" encoding="UTF-8"?>
<!DOCTYPE mapper
    PUBLIC "-//mybatis.org//DTD Mapper 3.0//EN"
    "http://mybatis.org/dtd/mybatis-3-mapper.dtd">
<mapper namespace="com.lec.ch19.dao.MemberDao">
	<resultMap type="Member" id="MemberResult">
	  <result property="mid" column="mid"/>
	  <result property="mpw" column="mpw"/>
	  <result property="mname" column="mname"/>
	  <result property="mmail" column="mmail"/>
	  <result property="maddr" column="maddr"/>
	  <result property="mpost" column="mpost"/>
	</resultMap>

<!-- 아이디 중복 체크 -->	
	<select id="idConfirm" parameterType="String" resultType="int">
	SELECT * FROM MEMBER WHERE mID=#{mid}
	</select>
	
	<!-- 회원가입 -->
	<insert id="joinMember" parameterType="Member">
	INSERT INTO MEMBER VALUES
	 (#{mid},#{mpw},#{mname},#{mmail},#{mpost},#{maddr})
	</insert>
	<!-- 회원상세보기 -->
	<select id="getDetailMember" parameterType="String" resultType="Member">
		SELECT * FROM MEMBER WHERE MID = #{mid}
	</select>
	
	<select id="modifyMemberView" parameterType="String" resultType="Member">
	SELECT * FROM MEMBER WHERE mID=#{mid}
	</select>
	
	<update id="modifyMember" parameterType="Member">
	UPDATE MEMBER SET mNAME=#{mname},
	                        mPW = #{mpw},
	                        mMAIL = #{mmail},
	                         mADDR =#{maddr}
	                         mPOST = #{mpost},
	            where mID=#{mid}
	</update>
</mapper>