<?xml version="1.0" encoding="UTF-8"?>
<!DOCTYPE mapper
    PUBLIC "-//mybatis.org//DTD Mapper 3.0//EN"
    "http://mybatis.org/dtd/mybatis-3-mapper.dtd">
<mapper namespace="com.lec.my.dao.BoardDao">
	<resultMap type="Board" id="BodResult">
	<result property="bid" column="bid"/>
	<result property="bname" column="bname"/>
	<result property="btitle" column="btitle"/>
	<result property="bcontent" column="bcontent"/>
	<result property="bdate" column="bdate"/>
	<result property="bhit" column="bhit"/>
	<result property="bgroup" column="bgroup"/>
	<result property="bstep" column="bstep"/>
	<result property="bindent" column="bindent"/>
	<result property="bip" column="bip"/>
	</resultMap>
	<select id="boardList" parameterType="Board" resultMap="BodResult">
	SELECT * FROM (SELECT ROWNUM RN, A.*  
			 FROM (SELECT * FROM MVC_BOARD ORDER BY BGROUP DESC, BSTEP) A)
			   WHERE RN BETWEEN #{startRow} AND #{endRow}
	</select>
	
	<insert id="insert" parameterType="Board">
	INSERT INTO MVC_BOARD 
				(bID, bNAME, bTITLE, bCONTENT, bGROUP, bSTEP, bINDENT, bIP) 
				VALUES (MVC_BOARD_SEQ.NEXTVAL, #{bname}, #{btitle},#{bcontent} ,
			         MVC_BOARD_SEQ.CURRVAL, 0,0, #{bip})
	</insert>
	<select id="totCnt" resultType="int">
		SELECT COUNT(*) FROM MVC_BOARD
	</select>
	<update id="hitup" parameterType="int">
		UPDATE MVC_BOARD SET BHIT = BHIT+1 WHERE BID=#{bid }
	</update>
	
	<!-- 글상세보기 -->
	<select id="detail" parameterType="int" resultType="Board">
		SELECT * FROM MVC_BOARD WHERE BID=#{bid}
	</select>
	<!-- 수정하기 , 답글 뷰  -->
	<select id="updateView" parameterType="int" resultType="Board">
		SELECT * FROM MVC_BOARD WHERE BID=#{bid}
	</select>
	<!--수정 처리  -->
	<update id="update" parameterType="Board" >
	UPDATE MVC_BOARD SET BNAME=#{bname}, 
				              BTITLE=#{btitle},  
			                 BCONTENT=#{bcontent}, 
				                 BIP=#{bip} 
				    WHERE BID=#{bid}
		
	</update>
	<!-- 삭제 -->
	<delete id="delete" parameterType="int">
		DELETE FROM MVC_BOARD WHERE BID=#{bid}
	</delete>
	
</mapper>